gonovax_year,year,diagnosed,attended,n_reported,n_symptomatic,sympt/reported
1,2004,1799.659266,,,,
2,2005,1658.143185,,,,
3,2006,1552.361696,,,,
4,2007,1530.502543,,,,
5,2008,1592.114685,,,,
6,2009,1220.529917,,,,
7,2010,1049.176331,,,,
8,2011,1094.348016,,,,
9,2012,1082.002416,,,,
10,2013,1036.958266,,,,
11,2014,1104.480081,,,,
12,2015,996.30036,,,,
13,2016,1133.330846,,,,
14,2017,1473.78,,,,
15,2018,1311.244706,,,,